Country Code,Weighted Medal Total,2016 GDP in USD
USA,6311,1.87072E+13
RUS,5234,1.28272E+12
GER,4250,3.49516E+12
AUS,1966,1.21003E+12
CHN,1683,1.11379E+13
ITA,1439,1.8692E+12
HUN,1354,1.26008E+11
GBR,1311,2.65924E+12
JPN,1281,4.92667E+12
FRA,1189,2.47129E+12
NLD,1081,7.83528E+11
ROU,1081,1.88494E+11
KOR,1042,1.4148E+12
CUB,841,91370000000
ESP,793,1.2375E+12
POL,786,4.72028E+11
